Ce_usd,Ce_interpretation,Cv_tools_only_measured,Cv_full_measured,Cv_$0.10,Cv_$1,Cv_$10
25000.0,repeat experiment batch,0.11272727272727273,0.9270363636363637,4.0,40.0,400.0
50000.0,~1 day delay (low),0.056363636363636366,0.46351818181818183,2.0,20.0,200.0
100000.0,rework / delay,0.028181818181818183,0.23175909090909091,1.0,10.0,100.0
250000.0,legal/major rework,0.011272727272727273,0.09270363636363636,0.4,4.0,40.0
500000.0,diligence restart,0.005636363636363636,0.04635181818181818,0.2,2.0,20.0
1000000.0,major program slip,0.002818181818181818,0.02317590909090909,0.1,1.0,10.0
100000000.0,clinical-phase scale (anchor),2.818181818181818e-05,0.0002317590909090909,0.001,0.01,0.09999999999999999
