condition,n_runs,citations_present_pct,citations_resolvable_pct,fabricated_details_pct,page_or_section_hallucinated_pct,high_risk_pct,mean_tool_calls,mean_latency_s,mean_resolver_success_rate
baseline,22,42.857142857142854,19.047619047619047,28.57142857142857,9.523809523809524,23.809523809523807,1.1363636363636365,7.208956881002947,1.0
vectr,22,81.81818181818183,45.45454545454545,4.545454545454546,22.727272727272727,9.090909090909092,2.5454545454545454,12.099432695995677,0.5
